{
	"IcoMoonType": "selection",
	"icons": [
		{
			"icon": {
				"paths": [
					"M658.286 475.429q0-105.714-75.143-180.857t-180.857-75.143-180.857 75.143-75.143 180.857 75.143 180.857 180.857 75.143 180.857-75.143 75.143-180.857zM950.857 950.857q0 29.714-21.714 51.429t-51.429 21.714q-30.857 0-51.429-21.714l-196-195.429q-102.286 70.857-228 70.857-81.714 0-156.286-31.714t-128.571-85.714-85.714-128.571-31.714-156.286 31.714-156.286 85.714-128.571 128.571-85.714 156.286-31.714 156.286 31.714 128.571 85.714 85.714 128.571 31.714 156.286q0 125.714-70.857 228l196 196q21.143 21.143 21.143 51.429z"
				],
				"width": 950.8563512165565,
				"attrs": [],
				"isMulticolor": false,
				"tags": [
					"search"
				],
				"defaultCode": 61442,
				"grid": 14
			},
			"attrs": [],
			"properties": {
				"id": 2,
				"order": 6,
				"name": "search",
				"prevSize": 28,
				"code": 61442
			},
			"setIdx": 0,
			"setId": 0,
			"iconIdx": 2
		},
		{
			"icon": {
				"paths": [
					"M678.857 313.143l-166.857 166.857v470.857q0 26.286-18.857 45.143t-45.143 18.857-45.143-18.857-18.857-45.143v-219.429h-36.571v219.429q0 26.286-18.857 45.143t-45.143 18.857-45.143-18.857-18.857-45.143v-470.857l-166.857-166.857q-16-16-16-38.857t16-38.857 38.857-16 38.857 16l130.286 130.286h210.286l130.286-130.286q16-16 38.857-16t38.857 16 16 38.857-16 38.857zM493.714 219.429q0 53.143-37.429 90.571t-90.571 37.429-90.571-37.429-37.429-90.571 37.429-90.571 90.571-37.429 90.571 37.429 37.429 90.571z"
				],
				"width": 731.4301147460938,
				"attrs": [],
				"isMulticolor": false,
				"tags": [
					"child"
				],
				"defaultCode": 61870,
				"grid": 14
			},
			"attrs": [],
			"properties": {
				"id": 390,
				"order": 7,
				"name": "child",
				"prevSize": 28,
				"code": 61870
			},
			"setIdx": 0,
			"setId": 0,
			"iconIdx": 390
		},
		{
			"icon": {
				"paths": [
					"M731.429 402.286q0-14.857-10.857-25.714t-25.714-10.857-25.714 10.857l-84 83.429v-167.429q0-14.857-10.857-25.714t-25.714-10.857-25.714 10.857-10.857 25.714v167.429l-84-83.429q-10.857-10.857-25.714-10.857t-25.714 10.857-10.857 25.714 10.857 25.714l146.286 146.286q10.857 10.857 25.714 10.857t25.714-10.857l146.286-146.286q10.857-10.857 10.857-25.714zM365.714 877.714q0 30.286-21.429 51.714t-51.714 21.429-51.714-21.429-21.429-51.714 21.429-51.714 51.714-21.429 51.714 21.429 21.429 51.714zM877.714 877.714q0 30.286-21.429 51.714t-51.714 21.429-51.714-21.429-21.429-51.714 21.429-51.714 51.714-21.429 51.714 21.429 21.429 51.714zM950.857 256v292.571q0 13.714-9.143 24.286t-23.429 12.286l-596.571 69.714q0.571 4 2.571 12.286t3.429 15.143 1.429 12.571q0 9.143-13.714 36.571h525.714q14.857 0 25.714 10.857t10.857 25.714-10.857 25.714-25.714 10.857h-585.143q-14.857 0-25.714-10.857t-10.857-25.714q0-8 6.286-22.571t16.857-34 11.714-21.714l-101.143-470.286h-116.571q-14.857 0-25.714-10.857t-10.857-25.714 10.857-25.714 25.714-10.857h146.286q9.143 0 16.286 3.714t11.429 8.857 7.429 14 4.286 15.143 3.143 16.857 2.571 14.571h686.286q14.857 0 25.714 10.857t10.857 25.714z"
				],
				"width": 950.8599815368652,
				"attrs": [],
				"isMulticolor": false,
				"tags": [
					"cart-arrow-down"
				],
				"defaultCode": 61976,
				"grid": 14
			},
			"attrs": [],
			"properties": {
				"id": 489,
				"order": 8,
				"name": "cart-arrow-down",
				"prevSize": 28,
				"code": 61976
			},
			"setIdx": 0,
			"setId": 0,
			"iconIdx": 489
		}
	],
	"height": 1024,
	"metadata": {
		"name": "icomoon"
	},
	"preferences": {
		"showGlyphs": true,
		"showQuickUse": true,
		"showQuickUse2": true,
		"showSVGs": true,
		"fontPref": {
			"prefix": "icon-",
			"metadata": {
				"fontFamily": "icomoon"
			},
			"metrics": {
				"emSize": 1024,
				"baseline": 6.25,
				"whitespace": 50
			},
			"embed": false
		},
		"imagePref": {
			"prefix": "icon-",
			"png": true,
			"useClassSelector": true,
			"color": 0,
			"bgColor": 16777215,
			"classSelector": ".icon"
		},
		"historySize": 100,
		"showCodes": true,
		"gridSize": 16
	}
}